{"cameraMode":{"drawMode":0,"name":"Shaded","section":"Shading Mode"},"sceneLighting":true,"audioPlay":false,"sceneViewState":{"showFog":true,"showMaterialUpdate":false,"showSkybox":true,"showFlares":true,"showImageEffects":true,"showParticleSystems":true},"in2DMode":false,"pivot":{"x":-0.767353892326355,"y":-0.17345678806304933,"z":-0.050426185131073},"rotation":{"x":-0.10305940359830857,"y":0.7849094867706299,"z":-0.1357935070991516,"w":-0.5957000255584717},"size":2.2882297039031984,"orthographic":false}