{"cameraMode":{"drawMode":0,"name":"Shaded","section":"Shading Mode"},"sceneLighting":true,"audioPlay":false,"sceneViewState":{"showFog":true,"showMaterialUpdate":false,"showSkybox":true,"showFlares":true,"showImageEffects":true,"showParticleSystems":true},"in2DMode":false,"pivot":{"x":-0.009843409061431885,"y":0.0360642671585083,"z":-0.02648383378982544},"rotation":{"x":-0.31010040640830996,"y":0.5393319129943848,"z":-0.22283726930618287,"w":-0.7505366206169128},"size":2.3687777519226076,"orthographic":false}